1560975040,Contemp
1560976039,Contemp
1560976306,Contemp
1560977000,Contemp
1560977264,Contemp
0-930193-03-2,classic
0-930193-13-X,Contemp
0-930193-22-9,classic
0-930193-31-8,Contemp
0-930193-35-0,all ages
0-930193-37-7,classic
0-930193-37-7,classic
0-930193-41-5,classic
0-930193-42-3,Contemp
0-930193-44-X,Contemp
0-930193-55-5,Contemp
0-930193-69-5,Contemp
0-930193-75-X,Contemp
0-930193-81-4,Contemp
0-930193-88-1,all ages
0-930193-89-X,Contemp
0-930193-92-X,Contemp
1-56097-000-6,classic
1-56097-001-4,classic
1-56097-005-7,Contemp
1-56097-009-X,all ages
1-56097-010-3,Contemp
1-56097-023-5,classic
1-56097-026-X,Contemp
1-56097-029-4,all ages
1-56097-030-8,classic
1-56097-039-1,classic
1-56097-042-1,Contemp
1-56097-053-7,Contemp
1-56097-054-5,Contemp
1-56097-057-X,Contemp
1-56097-059-6,classic
1-56097-060-X,classic
1-56097-063-4,all ages
1-56097-065-0,classic
1-56097-071-5,Contemp
1-56097-073-1,classic
1-56097-076-6,Contemp
1-56097-081-2,Contemp
1-56097-082-0,Contemp
1-56097-088-X,all ages
1-56097-089-8,classic
1-56097-092-8,classic
1-56097-096-0,Contemp
1-56097-099-5,Contemp
1-56097-100-2,Contemp
1-56097-101-0,Contemp
1-56097-104-5,Contemp
1-56097-110-X,Contemp
1-56097-111-8,Contemp
1-56097-112-6,Contemp
1-56097-113-4,Contemp
1-56097-116-9,Contemp
1-56097-120-7,Contemp
1-56097-123-1,classic
1-56097-124-X,classic
1-56097-126-6,classic
1-56097-128-2,Contemp
1-56097-129-0,classic
1-56097-131-2,Contemp
1-56097-133-9,Contemp
1-56097-137-1,Contemp
1-56097-138-X,Contemp
1-56097-143-6,Contemp
1-56097-146-0,all ages
1-56097-148-7,classic
1-56097-149-5,Contemp
1-56097-151-7,Contemp
1-56097-153-3,Contemp
1-56097-155-X,Contemp
1-56097-156-1,Contemp
1-56097-158-4,classic
1-56097-161-4,Contemp
1-56097-163-0,Contemp
1-56097-166-5,Contemp
1-56097-167-3,classic
1-56097-169-X,Contemp
1-56097-176-2,Contemp
1-56097-179-7,Contemp
1-56097-187-8,Contemp
1-56097-192-4,Contemp
1-56097-194-0,Contemp
1-56097-197-5,classic
1-56097-257-2,Contemp
1-56097-259-9,Contemp
1-56097-267-X,Contemp
1-56097-271-8,Contemp
1-56097-274-2,Contemp
1-56097-275-0,Contemp
1-56097-276-9,Contemp
1-56097-281-5,Contemp
1-56097-287-4,Contemp
1-56097-288-2,all ages
1-56097-295-5,Contemp
1-56097-301-3,Contemp
1-56097-306-4,Contemp
1-56097-308-0,classic
1-56097-309-9,Contemp
1-56097-311-0,classic
1-56097-315-3,Contemp
1-56097-325-0,Contemp
1-56097-327-7,Contemp
1-56097-330-7,Contemp
1-56097-331-5,Contemp
1-56097-335-8,Contemp
1-56097-340-4,Contemp
1-56097-349-8,Contemp
1-56097-351-X,Contemp
1-56097-357-9,Contemp
1-56097-362-5,Contemp
1-56097-366-8,Contemp
1-56097-367-6,Contemp
1-56097-371-4,Contemp
1-56097-372-2,Contemp
1-56097-383-8,Contemp
1-56097-384-6,Contemp
1-56097-386-2,classic
1-56097-387-0,Contemp
1-56097-390-0,Contemp
1-56097-393-5,Contemp
1-56097-402-8,Contemp
1-56097-403-6,Contemp
1-56097-407-9,Contemp
1-56097-410-9,Contemp
1-56097-411-7,Contemp
1-56097-412-5,Contemp
1-56097-413-3,Contemp
1-56097-415-X,Contemp
1-56097-416-8,Contemp
1-56097-417-6,Contemp
1-56097-425-7,Contemp
1-56097-426-5,Contemp
1-56097-427-3,Contemp
1-56097-429-X,classic
1-56097-430-3,Contemp
1-56097-431-1,Contemp
1-56097-432-X,Contemp
1-56097-434-6,Contemp
1-56097-435-4,Contemp
1-56097-436-2,Contemp
1-56097-438-9,Contemp
1-56097-454-0,Contemp
1-56097-455-9,Contemp
1-56097-458-3,Contemp
1-56097-460-5,Contemp
1-56097-461-3,Contemp
1-56097-464-8,Contemp
1-56097-465-6,Contemp
1-56097-466-4,Contemp
1-56097-467-2,Contemp
1-56097-468-0,classic
1-56097-470-2,Contemp
1-56097-472-9,Contemp
1-56097-485-0,Contemp
1-56097-488-5,classic
1-56097-490-7,Contemp
1-56097-491-5,Contemp
1-56097-492-3,Contemp
1-56097-494-X,Contemp
1-56097-495-8,Contemp
1-56097-497-4,Contemp
1-56097-499-0,Journal
1-56097-500-8,Contemp
1-56097-501-6,all ages
1-56097-503-2,classic
1-56097-505-9,Contemp
1-56097-507-5,classic
1-56097-508-3,Contemp
1-56097-509-1,Contemp
1-56097-510-5,Contemp
1-56097-511-3,Contemp
1-56097-513-X,Author-Owned
1-56097-514-8,Contemp
1-56097-521-0,Contemp
1-56097-526-1,Contemp
1-56097-527-X,classic
1-56097-528-8,Contemp
1-56097-529-6,classic
1-56097-530-X,Contemp
1-56097-534-2,Contemp
1-56097-536-9,Contemp
1-56097-537-7,Contemp
1-56097-538-5,Journal
1-56097-539-3,Contemp
1-56097-540-7,Contemp
1-56097-541-5,Contemp
1-56097-542-3,Contemp
1-56097-543-1,Contemp
1-56097-544-X,classic
1-56097-545-8,Contemp
1-56097-546-6,Contemp
1-56097-547-4,Contemp
1-56097-549-0,Contemp
1-56097-550-4,Contemp
1-56097-557-1,Contemp
1-56097-558-X,classic
1-56097-559-8,Contemp
1-56097-560-1,Contemp
1-56097-563-6,Contemp
1-56097-564-4,Journal
1-56097-565-2,Contemp
1-56097-567-9,Contemp
1-56097-568-7,Contemp
1-56097-570-9,Contemp
1-56097-571-7,Contemp
1-56097-573-3,Contemp
1-56097-574-4,Contemp
1-56097-575-X,Contemp
1-56097-589-x,classic
1-56097-590-3,Contemp
1-56097-591-1,Contemp
1-56097-593-8,Contemp
1-56097-594-6,classic
1-56097-595-4,Contemp
1-56097-596-2,all ages
1-56097-597-0,Journal
1-56097-598-9,Contemp
1-56097-600-4,Contemp
1-56097-610-1,Contemp
1-56097-611-x,Contemp
1-56097-612-8,Contemp
1-56097-613-6,Contemp
1-56097-614-4,classic
1-56097-615-2,Contemp
1-56097-616-0,Contemp
1-56097-617-9,Contemp
1-56097-618-7,Contemp
1-56097-620-9,classic
1-56097-621-7,Contemp
1-56097-623-3,Contemp
1-56097-624-1,Journal
1-56097-625-X,Contemp
1-56097-627-6,Contemp
1-56097-628-4,Contemp
1-56097-629-2,Contemp
1-56097-631-4,Contemp
1-56097-632-2,classic
1-56097-633-0,Contemp
1-56097-641-1,Contemp
1-56097-647-0,classic
1-56097-648-9,Contemp
1-56097-649-7,Contemp
1-56097-651-9,Contemp
1-56097-652-7,Journal
1-56097-654-3,Contemp
1-56097-655-1,Contemp
1-56097-657-8,Contemp
1-56097-658-6,Contemp
1-56097-660-8,Contemp
1-56097-661-6,Contemp
1-56097-662-4,Contemp
1-56097-662-4,Contemp
1-56097-663-2,Contemp
1-56097-664-0,Contemp
1-56097-666-7,Contemp
1-56097-667-5,Contemp
1-56097-670-5,classic
1-56097-671-3,classic
1-56097-674-8,Contemp
1-56097-678-0,Contemp
1-56097-679-9,Contemp
1-56097-680-2,classic
1-56097-683-7,Contemp
1-56097-684-5,Contemp
1-56097-685-3,Contemp
1-56097-690-X,classic
1-56097-691-8,Contemp
1-56097-693-4,Contemp
1-56097-696-9,Journal
1-56097-697-7,Contemp
1-56097-698-5,Contemp
1-56097-703-5,Contemp
1-56097-713-2,Contemp
1-56097-714-0,classic
1-56097-721-3,classic
1-56097-725-6,classic
1-56097-742-6,Contemp
1-56097-745-0,Contemp
1-56097-7477,Contemp
1-56097-748-5,Contemp
1-56097-756-6,Contemp
1-56097-757-4,Contemp
1-56097-758-2,Contemp
1-56097-761-2,Contemp
1-56097-762-0,Contemp
1-56097-763-9,Contemp
1-56097-801-5,Contemp
1-56097-809-0,Contemp
1-56097-810-4,Contemp
156097-277-7,Contemp
7-25274-74114-53,Journal
9781-56097-183-2,Contemp
